contributor,r2,explained_variance
0crat,-58.01917920359111,-11.699563184444221
24emebot,-0.11497140524103067,0.05820236676218482
333363,-0.15186531416606863,0.1872988821498638
335498,-5.222662001623909,-2.636029494275134
335745,-5.19737993565823,-4.743263308501819
336933,-0.812166372339058,-0.6035458480343285
337596,-11.759269020934315,-7.516619443119085
337795,0.24023285657222881,0.26544217201727816
338563,-0.4360167572206144,-0.24081891303179837
338564,-2.3146299806234407,-2.2186657381975503
338777,-0.18441227036762076,-0.14808081472093648
343769,0.018165199647865227,0.03355620772764012
345888,-0.3148514372388289,-0.0334661241657932
345943,-1.546020680014403,-0.6528280516423932
347836,-0.05466046527961166,-0.03790932587652818
348396,-0.07543282931367323,-0.0676805338467823
349694,0.08514033677965571,0.09072616577077808
349859,-0.455172806859679,-0.06300648921676566
349934,-19.01741376602338,-4.072289149238363
353444,-0.5514148231666207,-0.3003496586564862
353836,-0.1868097853790911,0.011155756111204007
353877,-611.5616580568864,-111.56196003011343
354976,-0.09090909090909105,0.0
355383,-1.2258635733318974,-0.21749778443584367
356376,-2.547352163838459,-1.1812337747168766
357948,-0.888574862878615,-0.7970175742875947
358697,-0.13472062459567313,0.08932937248594242
358944,-0.22408159559043406,-0.00511027664032615
359384,-0.422284183983483,-0.35697360396196665
359753,-0.15302305659533189,-0.15219253908866714
359854,-1.1311107495301318,-0.08789375702351432
359935,-0.4453462536900301,-0.09198445679413725
363388,-0.7957714078430362,-0.5066311468952032
363447,-0.9615720850352281,-0.4113063312938292
363699,-0.792100858722343,-0.779481587727135
363879,-0.2147658100831975,-0.05932879867604157
364454,-0.2901212558717783,-0.24634777255507423
364534,-0.42914181451071554,-0.3239518044019438
364566,-0.25731475093996203,-0.006094330238225476
364686,-0.7830814092331528,-0.4966428787038992
365936,-0.629792950732097,-0.08553979119198951
366635,-0.25601735418691574,-0.07458673148780393
367533,-7.480191086114594,-3.4393451029100675
367939,0.2853517338374809,0.3826597055893053
368375,-0.6933061831806315,-0.10412871767281384
368755,-1.0000692776223605,-3.513762393847486e-05
368993,-0.07692307692307687,0.0
369554,-1.8898215530423434,-1.8593364696868684
369689,-0.2501197838892244,-6.388377012433999e-05
373693,-0.2490959685009173,-0.14687623081892998
373769,-0.04227403016519382,-0.038759368554011964
374443,-0.20960470385799423,-0.08296799094529583
374476,-0.3039073697938752,0.040020346421499875
374774,-0.12028002811805094,-0.08451496615423726
375995,-2.8385433130630773,-1.6390908065682566
376565,-0.125,0.0
376887,0.10156740423840227,0.17820892715042114
377354,-1.5615951971361968,-0.1055940124391368
377538,0.1217904819130563,0.1515279505442042
377543,-0.27523060037008107,-0.13700640111544904
378448,-19.4979573310309,-1.8427925215740233
378759,-1.7137344934487704,0.24110383355388354
379794,-4.747023055044134,-4.009058085524885
385475,-27.352250439001025,-4.243319145595262
386365,-0.36395372308828855,0.031187480104931775
386437,-73.11799426673225,-7.203292670152434
386548,-8.446405133306671,-3.7072539061630234
387658,-0.32455256223388984,-0.23157641351420444
387854,-0.04391461664702678,-0.02491881566310039
388473,-0.4384147144902506,-0.08668996210857416
389363,-0.04144947867038051,0.00782986007410591
393763,-0.10088113053918235,0.020872804416490864
394433,-0.3937732101423619,-0.03438449379144837
395599,-0.3333333332544193,5.3304027858303016e-11
396339,-0.08111740942849277,-0.03451296111176583
396879,,1.0
397663,-0.26985038760836844,0.04485483551651481
398997,-0.09218031035779961,-0.08655919020766634
433849,-4.287234146873438,-1.5313824232607551
433973,-9.973687925038371,-2.8277039472006864
434948,0.0011270837922163768,0.04590453422293539
434975,-1.1407941158569628,-0.5643044105841983
435659,-6.929101203118996,-1.4797968968857926
436346,-6.288820272016858,-0.6342787695913699
436387,-3.091525122694594,-0.5470904934521981
436955,-0.3068085333791637,-0.034148823137545525
436988,-15.294666508099233,-8.615653528635997
437357,-14.137865887174172,-2.8475178842665883
437693,-0.2658982101402336,0.35900093522748533
437766,0.24808107389028988,0.25070787249431714
437837,-8.83221276389502,-1.413538457635441
438655,-0.1104513752979499,-0.007722903872681597
439837,-0.2967347550703745,-0.06556411510394744
443453,-0.01598394504508338,0.05434636348799882
443468,-4.408967237630707,-0.9877928864304173
443996,-0.5024701966770337,-0.42781539152418313
444337,-33.071930714849614,-25.811071204816013
446498,-3.777699226217785,-0.586078092262134
446566,-0.38861951800032846,-0.3678708171636953
446843,-13.161883981645685,-0.3964178890891987
446863,-19.1133595178646,-7.033144709013772
446948,-0.24573845942488015,-0.05670583746593194
448379,-0.16712615733648173,-0.12691483270802872
448793,-100.9463569462722,-60.11520082612656
448965,-0.5177530575124127,0.02840184984053873
449339,-0.21185629211416068,-0.00012516434994891412
449343,-0.4378510780533207,-0.1001390966263418
449446,-0.23958213898836633,-0.11454703769262431
449544,-0.5043679286963527,-0.011612404780281693
449583,0.09970549449531063,0.13433110278771754
449773,-2.7636868858471373,-0.5343733263680497
454365,-4.256813426259088,-1.2435426152249751
454496,-0.3386290592278318,-0.30439375156937065
454638,-0.28639142471958756,-0.25858922279377516
455745,-0.6714175333147172,0.25732792667737414
456393,-1.039253682413797,-1.0010786267585483
456995,-0.3923617275787623,-0.11285580576625542
457494,-0.20118807175631614,-0.00814400904379653
457777,-0.1095413042989164,-0.016283918426698296
457896,-0.6832782906867148,-0.45150643124292245
458693,-0.09312561810685094,-0.03548654270985341
459877,-0.846756038579664,-0.39658507335486326
463557,-0.13535543220029145,-0.1294756287151062
463738,-1.7302255088365266,-0.6625126806199231
463988,-0.5612590114625178,-0.20427153564833334
463999,-1.0961343616067563,0.08991245952179039
464495,-10.07296166766791,-1.512578174947174
465566,-6.0961108420197725,-0.5336860726123605
466348,-0.2001334222815212,0.0
466955,,1.0
467564,-1.053285002791168,-0.33164007208240154
467939,-3.4434521609773174,-0.5014242759610201
468839,-0.10946585508512618,-0.02944236449706117
468884,-0.9680400217962648,-0.807974655291968
469344,-0.34063077541147213,-0.32991112182405335
469556,-572.8919129410266,-139.0597241285007
469589,-0.19999999998887374,1.900035684343493e-12
469755,-0.6661272365561601,0.09389903638307373
473365,-13.610002188837088,-0.932130474014851
473387,-0.3586652448871894,-0.3472157923488215
473697,-0.3383827126148333,-5.9315387626268645e-05
473965,-4.345631371337061,-0.2608659990470015
474598,-0.0813903335694266,-0.03609844163937925
474644,-0.5689114099421846,-0.5473166735156396
475849,0.04814908255156336,0.07784782015032887
476676,-18.219258857146972,-4.237029384270105
477334,-0.38740642897545263,-0.036968965588842995
477943,-9.78849991786306,-2.9050458560965002
478367,-1.1034172346397209,-0.2408402515580521
478466,-1.5625796782719226,-0.752612265310268
478866,-0.5231392379592237,-0.28712939675323157
479493,-1.035326048730846,-0.38352017398546345
483648,-0.29820948866331887,-0.1719381782403635
484388,-0.2802856571817287,-0.2669132915637418
486593,-0.1489524445178334,0.012971007339030671
486774,-2.813874827220052,-1.1784170039914974
487355,-12.144172542117673,-7.5202407250398
489458,-0.21808829330804302,-0.1613516329360125
489658,-0.2928385442227488,0.031539222238020526
489848,-0.9119898868796092,-0.8826083979588837
493947,-0.24723839056561925,-0.1777320816141592
495689,-1.7487953543557624,-1.0725616752465421
496356,0.0,0.0
496387,-0.49836625666536416,-0.48955053752208144
496453,-19.811464349231898,-12.863634476859517
496659,-0.4671534317883239,-0.09066152088782076
497576,-0.07167974477403272,-0.005893008182854986
499678,-0.17108233395631633,0.005006338436903235
499743,-236.10472448259173,-33.19894647873923
499979,-0.7352103875544489,-0.6296701469475832
499983,-0.3332601604758578,3.658680071383369e-05
533398,-0.3333333332544193,5.3304027858303016e-11
533665,-0.032071394075575244,-0.012531811032612694
533844,-31.997461729512565,-14.167623508594673
535498,-1.1541999372098681,-0.40828036297947046
535599,-0.36255445754202253,-0.2722612236792572
536859,-0.059162080324204114,0.0006186715143723376
537443,0.1674612488177425,0.17931906923329577
537484,0.21618923675429647,0.2297431456475164
538454,-1.1730316308458462,-1.0855165144179035
538694,-0.21277795588152815,-0.010966669965451592
543595,-1.4962948307397972,-0.9102469754796727
543695,-0.6665236906692806,4.37325197334415e-05
543733,-0.3751067508374135,-0.05113080422402683
545376,-0.3043745533073614,-0.3042082547270275
545498,-1.4795071001889517,-0.5398122214940178
546777,0.011215311008605289,0.03926200989022555
547554,-0.14232006780194473,-0.10467770439901525
547574,-0.3252377273616336,0.0724982383491134
549669,-1.2847002247362331,-0.04143002128875195
549789,-0.2789308726569808,-0.037069031880427206
553976,-0.04128130769547189,-0.03696766043977062
555836,-0.0625,0.0
556594,-6.229522340560038,-0.9606818860472253
557695,-0.35746651533004314,0.011756816263201575
558473,0.2539432971392531,0.25705791272946676
558887,-0.05233711063881619,0.011304532715290971
559797,-0.1257414985073464,-0.017759376364570256
559953,-1.0815728593415561,-0.8347618207779237
563573,-0.4074285645491862,-0.08543750820649532
563753,-1.3989570505101843,-1.1223770134765214
563935,-0.4360299668154004,-0.41698334491072764
564637,-0.0242300146018557,0.03992930525100247
565433,-0.0011386540382256616,0.00889747865136259
565674,-0.31422712164173605,-0.009481824732424649
567384,-0.20854148018957908,0.09080299410733528
567396,0.2168150064244938,0.3468224707609322
567575,-0.2412160715881675,-0.17293874938493126
567743,-1.1120277398627634,-1.1120215374484728
568475,-0.8209786393208711,-0.15261816806734774
568754,-1.1091486269376856,-0.7904244174709134
573487,0.03370260046001994,0.061879498005814715
574687,-1.9725513825467553,-0.6812791180236484
575683,-0.09613316782561587,-0.008335891254289018
576336,-0.172464748452829,-0.004497633682556401
576539,-6.414118545201046,-1.2509851083063888
576873,-0.5690531062097668,-0.10440632343810718
576973,0.24273363194672126,0.24616467952758236
577434,-1.0083676040066067,-0.06420651681242484
577888,-0.7942451320125712,-0.41299058237576913
578438,-0.29824890215622446,-0.2461629567813326
578584,-1325.307430013254,-589.2850914667412
578794,-0.2617567869613586,-0.24661351590690006
579369,-0.6280395623029014,-0.5202612378919285
579396,-1.2855455550591146,-1.0050895545233494
583375,-3.2343896386186772,-1.5021279601559323
583434,-0.7153164586148681,-0.15726049843143985
583469,-2.1960311029512942,-1.5203693468797113
583997,-0.05650741397960468,0.08754797769053846
584676,-2.3587117575716956,-0.2443417673619659
584749,-4.483075368049814,-1.2412076672364933
584947,-0.10557463244854004,-0.062487694249216075
585439,-0.8925901154137699,-0.0037702772939720575
585684,0.019913556404016153,0.06228503047082756
585958,-0.09733402690600945,-0.0622923626856593
586656,-7.391995664757157,-0.9657252032763821
587344,0.030907514311802164,0.035414737210700986
588686,-0.033658202975823226,-0.01130211775162171
589375,-0.6801271158577042,-0.023288156837926177
589696,-0.5586600054351307,-0.5551855623034208
593669,-75.7204370837715,-12.445558674942781
594465,-0.47035842314172505,-0.082958683639343
596479,0.03467459257653105,0.05139798305012766
596937,-3.075237322905794,-2.85207666786671
597469,-0.3503856201722706,-0.09660231158924515
597849,-1.6179996757106307,-1.0792810690492982
5iMON-bot,-0.41468363412958875,-0.08841426332803781
633676,-2083.930518926745,-885.761015992847
635385,-0.9477840048778308,-0.7363533603528045
637953,-0.7649295042689788,-0.4790436586596498
638655,-7.931441172421218,-2.403893039555856
639575,-0.16914066216414736,-0.04474190233701947
639846,-0.09195402298850563,0.0
645363,-0.4171248204085436,-0.14196536695551876
645576,-0.16312798558394803,0.020598345799747952
645898,-0.2359579868925421,0.011454938986077745
645955,-1.2442672741139735,-0.4794267508171062
646677,-0.7473195028776105,-0.15835287044708668
646795,-0.5278475722181819,-0.4596470734130973
647797,-0.7500368145298821,-0.32763662438267205
648356,-24.749721496327354,-4.836197467518444
648358,-0.06934872228316791,0.002997647334474607
648485,0.021793971007246893,0.0346503839269503
648865,0.07491528527425562,0.0876774695754301
653456,-0.6925338370655523,-0.0866600603524652
653486,-2.944601568036948,-2.0213824618445186
655683,-2.1362196509087594,-1.2420329309216385
655796,-0.11927701884262665,-0.0623786524453922
655975,-0.12680963606380846,-0.09040268313661604
656434,-0.20676595025983802,-0.05665690323175809
656549,-5.024493087693913,-0.8592189966278552
656596,-0.1606280315361568,-0.15790017964401293
656855,-0.34558928479513473,-0.2762234270938082
657596,-0.5656269512005314,-0.14434605908372689
657698,-0.8317844405204573,-0.17798623989509643
657995,-0.6313237534266702,0.2374496040822872
658766,-0.46825118199259896,-0.31261719738503935
658863,-19.87111724213499,-4.991907618878052
658938,-0.9381367731255552,-0.28964061231058724
658977,-0.24359667316721723,-0.11372192251225455
659997,-0.13962127231556298,-0.06865388714708409
664453,-0.2064610145716106,-0.016803442827837634
664498,-0.008339779173593964,0.042208876904243464
664693,-3.773979085561039,-0.41325412269083217
664899,-6.554560449433077,-5.27941452547626
665979,-0.316225031961926,-0.02097931312946777
666395,-0.4039782390958131,-0.06653397879646894
666743,-0.11693342501515525,0.04302576601085473
667569,-0.20117641956203514,0.00042700785895821713
667666,-0.13681131180413297,-0.07301804102370468
668373,-0.15905733275200906,0.009953641674559366
668454,-1.7768792821953268,-0.027113601413984112
668867,0.1377196281394173,0.1827583183886945
669693,0.0039027103490927306,0.005638960477475807
673338,0.14301896732594854,0.1464669979256943
674548,-0.18205020986003095,-0.016467302882776202
674583,-0.2572514666850463,-0.24071403049987405
674866,-6.677401558390088,-3.5369098243215626
675334,-0.32872499725492776,-0.314184204889018
675547,-0.5008495856789905,-0.2027790330965915
675833,-0.08613308701768863,0.15151980101920925
677584,-5.296962532920832,-1.15243528519371
677878,-0.5046290742559176,-0.1791961719889943
678593,-0.2628275081233207,-0.2620858643621933
678649,-0.27337975504352374,-0.1426649171940868
678943,-0.4459573277654103,-0.2836115564812831
679765,-0.2693529741246794,-0.01008043734326547
679936,-0.49899460847422383,-0.4686706544385604
679968,-0.10731766289722589,-0.05608218264530085
679979,-0.05509309173708643,0.006803039566044999
683945,0.054924019831980364,0.055605175139649576
684587,-0.09289117337136998,-0.06524194535205874
685747,-0.29076065453418765,-0.0012767581427310937
689388,-0.32608098607504044,-0.3258455365500468
689788,-0.7826259966013707,-0.7795452980415714
689997,-2.5323701470162643,-0.42593256567689974
693537,-0.28005785752739043,0.002810552710361569
693656,-2.0110862017831392,-1.1966933628278573
695445,-0.0754209512045656,-0.07317663606272862
695756,-17.966562133213916,-0.11232115026240463
695767,-0.4388862348760192,-0.24995529848912734
695867,-0.05865122769219289,-0.00014108319763295185
695957,-1.494908389692991,-0.5318589503650171
696399,-0.43441778823840016,-0.4057319629554812
698436,-0.42204872059438214,-0.27791129107640833
698653,-0.19007827813588873,0.0009601839187487471
699495,-0.7776246368976047,-0.10714962782622872
699885,-371.83417603573383,-17.676497669651607
733386,-0.055812056043607505,0.02719222773104124
733774,-3.73298873019917,-1.5329233674118985
733776,-0.2988744381434201,-0.004212920542947529
734385,-1.0347311501661047,-0.8702026469482134
734886,-0.4972815123013967,-0.49418917759492165
735888,-0.08972481213706862,0.025556373097841867
735987,-0.2326315031187829,-0.030500020941904626
736549,-0.09793223548599572,-0.016241851219118253
738369,-0.3195037861130037,-0.024065200033955625
738443,-0.977667085447911,-0.6795305684412822
738743,-0.5383053762898191,-0.076767638677816
738779,-1.2271749073403675,-0.40405574965116564
739465,-1.0421595964988706,-0.6570427090799829
739663,-0.20989433586939876,-0.16315824195321338
739843,-0.1297933780221856,-0.0061278515948397505
739899,-0.3199619241061802,0.051931304262296196
743485,-0.0017185919071152078,0.006179213509122539
744346,-0.0013431562363610539,0.009310975759637352
744399,-2.038053322829449,-1.5509726100345778
744856,-11.81515859550423,-0.9227872701550697
745376,-0.004974010661545458,-0.0009509401711544907
745453,-0.41470255983693294,-0.12596898803770018
746683,-0.07611980004152707,-0.062335434685198754
746854,-9.069478760561113,-2.8468954624010605
747578,-0.4778181404161097,-0.11855376233284498
747673,0.03255078282077217,0.18605824510548052
748599,-1.1252638432364614,-0.15039913299646135
748785,-0.21373211377590184,0.07333377067479152
749585,-0.4496864067860509,-0.05665089311127769
749759,-0.13234641121712643,-0.12840024706045594
753777,,1.0
754548,0.2536505013840603,0.3100439967433184
754564,-0.28571592554593894,0.12076512506955617
754597,-610.0815947425789,-143.46667032820443
755587,-1.621750353256246,-0.4776661051258473
755668,-0.1586035086429789,-0.08038890403864918
756477,-0.999999999990633,1.6786572132332367e-12
756984,-2.29665807100217,-1.6253457786280525
757389,0.1392715242154271,0.16197526784115945
757585,-0.1097007375318031,-0.005784276134287225
757679,0.1641276248254545,0.22011358622527144
758333,-0.2856189543143408,-0.18496540848363408
758589,-1.0925838257613116,-0.3497445137850297
759398,-6.600168885574099,-3.920865129706802
759955,-0.27016396029656664,-0.1035671944544192
763394,-0.08986826993812724,-0.006129412773000498
765366,-0.052818154811008045,-0.05191396341105281
766975,-5.572529769875522,-1.287381211865573
767954,-2.1015559997462927,-1.3413396633707846
768684,-1.5978231654516017,-0.29501984768471434
768766,-0.03822112896458374,-0.025474157991880908
769343,-0.03163519405879778,0.006693269452640704
769399,-0.15181932858775404,-0.08393349369735348
769537,-1.5333523210226145,-0.5305278930137522
769678,-0.22171282096921852,-0.11340172606400523
769988,-0.04664893695908101,0.012983982541207806
773356,-0.6566827154829356,0.3028397727011847
773477,-70.08542877578546,-11.89980742341595
774345,-0.33211376663311554,-0.13250821474359875
774369,-0.2978842388166927,-0.04384311827554743
774388,-0.22895054459719089,0.017882869583142558
775654,-0.09201813369429823,-0.08702799559089769
775766,-0.11685976554762423,-0.02561251980446766
777447,-0.1533776395221227,-0.15232303604987218
778859,0.34096522749785874,0.380609832183496
778896,-1.4399944708659618,-0.6982959247847988
779947,-0.24799409789384375,-0.03812031716214315
783358,-0.05973817458286024,0.013982398481015457
783656,-0.11453887856498524,-0.060025873209325065
783695,-0.24680204159847152,-0.13858062365284263
784465,-13.589981784297198,-8.7035899134795
784575,-43.519259326921244,-34.477405958258146
784775,-0.7631386734047061,-0.7377019152216715
784883,-0.28136579961908614,-0.04137396134055593
785938,-0.10657954416757054,-0.013684174651826142
787463,-0.36323560285143275,-0.35218454541117516
787644,-211.43605763418705,-37.7168997404224
787773,-5.16546454246917,-0.7712994605192902
788349,-0.905013700710408,-0.5171779040202902
788445,-0.23171005315002113,-0.07578560201682816
789345,-0.09090909090909105,0.0
789883,-0.11295288663455416,-0.008261117713663335
794668,-0.07207734762588203,-0.06944310021341615
795469,-0.7198726691080082,-0.6521077518308123
795565,-0.5886969705132492,-0.2142827170694246
795985,-0.349627993513141,-0.3484735283583127
796485,-0.773686251680181,-0.6067235737217673
797479,-1.4402107471709389,-0.6543711345133585
797535,-4.143010197335885,-4.090790616066124
797989,0.308828022742892,0.30932275497060113
798388,-0.14969900999327046,-0.10932788312281394
799565,-0.33495529200892626,-0.32615754630769067
833435,-2.799881980201721,-1.7611442941902626
836953,-0.7966192985779683,-0.1120055635391759
837847,-0.10401518683394206,-0.0932063310327571
839443,-1.3969477609343879,-0.23888289446610744
839556,-0.057847761437149536,-0.028213990981344805
839884,-0.16393922858283005,-0.038030422757924454
843533,-0.06304150715663881,-0.06082509947077375
843667,-0.21081670007894449,-0.06003823512914952
843668,-2.82133881686662,-2.3588090121829257
844974,-142.32743284399697,-41.362765753621844
845398,-3.426150405243919,-0.9206523220948564
845538,-5.922714876880692,-1.5298331534033784
846638,-0.3080486670241538,-0.1347359952179381
847775,-0.19958709083133241,0.11049908282171572
848963,-0.15622527917979356,-0.008651740773245153
849548,-0.5692275015677366,-0.4730345945458847
849576,-0.11374597457090263,-0.06314329179376799
849893,-0.277523084994997,-0.12224333962761214
854536,-0.08268808234836356,0.002425083855471244
855857,-0.3808997437593651,-0.37342264200372255
858444,-0.1555021587822243,-0.04453718899330594
858548,-0.08604221871061135,0.16152624641502045
859454,-0.49709401580737556,-0.014881172018752942
859754,-1.0833934247081491,-0.149209536506834
863393,0.0066715413462389295,0.008849119384247595
864856,-0.3075603351294507,-0.2238480446711324
864943,-0.10761311571231102,0.009801671453084193
865858,-0.015728588945043143,-0.009494478625511116
867437,-158.51353124504752,-25.817612513700972
868345,-28.04814568298959,-17.676227558428735
868574,-0.20775297671993243,0.01882571836684277
868944,-0.06815254618363809,-0.0014477441560938331
869378,-0.2479469628307538,-0.23771339631160138
869399,-1.1170044220677289,-0.42736634906989357
869469,-1.4675595806695871,-0.9313617773964931
869865,-2312.4781268657057,-794.0424387287096
873354,-0.589762426534356,-0.5060946644887383
873366,-3.110485902884153,-2.0223744577988945
873566,-0.06657804453048821,0.01966490223128592
873787,-1.5073937317382637,-0.3057400912572361
873968,-0.24171640499157787,-0.043500725759962
874434,0.09196891942610674,0.16847863051065737
874774,-0.10000000000000009,0.0
875339,-0.9727758577788448,-0.3928894265189862
876747,-0.5000064190106721,-2.8530080427024984e-06
876838,-1.9558612849595942,-0.47937495035868816
877336,-0.29578847890522697,-0.15424687824790784
878448,-1.9755157061966808,-0.439110060460274
878848,-0.23456187454225352,-2.544631172440859e-13
878957,-0.22907228174182026,0.1753877279473064
879498,-0.06857956806740084,0.0016169364577198753
879668,-0.5964903011393754,-0.09127197075069549
879997,-1.000064397889417,-2.0834000930891605e-05
883466,-0.17576771036767203,-0.16544839447978732
883584,-0.6089692256068742,-0.544970818132626
883683,-0.16666666641968653,1.198591226270196e-10
883868,-0.10921501706484626,0.0
884867,-0.27079844991479396,-0.0020491607144312862
885378,-0.9322672535356462,-0.8542543448308768
885533,-2.666986760514781,-1.6614279458628065
885675,-0.16842101325923675,0.008689087067646262
885764,-1.970086344953422,-1.6272345864666655
885899,-1.3080845127140757,-0.8700458723388436
886785,-0.07733701781253544,-0.0012649966580242644
886868,-0.06289772376386371,0.01129942118909022
886898,-1.2679539278045469,-0.44692073305557
887946,-1.406833005727754,-0.16552699049825526
887955,-0.8951391313738137,-0.06329850633768497
888677,-0.10797071435320738,-0.007265320916913343
889346,-0.05878676215211631,0.007229794431754977
893864,-0.2457345976596299,-0.24483760353886397
893974,-0.6491558847122634,-0.10404192663703471
894634,-2.5133713883394937,-0.6221838998176503
895678,-10.094354937513799,-3.6147638999710425
896363,-2.2679268086467617,-1.4959741573623373
896495,-0.5236859729967156,-0.07189764286062528
896596,-13.715391341130436,-8.793924254975703
896693,-0.2404691050510137,-0.2015441109727969
897436,0.24231617882717704,0.25542043718428675
897593,-0.2133604275008889,0.006665681692764269
897688,-8.766237501839738,-0.9984918866462642
897878,-0.21111239976957608,-0.17606827758881094
899896,-0.4863954207703165,-0.15202788020235602
933344,-0.6950451890263347,-0.48303302065195863
933648,-7.8495360868437025,-3.8808466348285826
933837,-0.17319776546042953,-0.11067140690443633
934649,0.08919139097872375,0.14252406038599796
934969,-18.36009433411091,-17.481970636465473
935858,-0.3333333332544193,5.3304027858303016e-11
935987,-0.18172555239706134,-0.15162776306169046
936398,-3.050327901143201,-0.21993459198640686
936438,-2.8179652599579423,-2.615102915432735
936964,-0.09477251042113366,0.06275007422583734
938583,-0.9959979294737604,-0.010514751944826317
939955,-0.1385004603478588,-0.012272698804311588
945855,-0.10793154314658016,0.08426781083071078
946394,-0.9900155808550368,-0.8518189689337052
946773,-0.09858168556608615,-0.09095861253058746
947399,-0.4632565416346617,-0.2225135506698328
947579,-0.0073884600635465425,0.20834443856322138
949444,-0.1497718153362262,-0.04468055664539805
949546,-0.06616791271573774,-0.0025777242740112616
949548,-0.11877251870182448,-0.02832049417105975
949698,0.1128132527058412,0.12463467158774078
949894,-0.10121457489878538,0.0
953543,-5.068683557062268,-4.458652234132404
953888,-0.2342780205454018,-0.23398122602191607
954443,-0.57315806524266,-0.12266206533780322
954696,-0.25358571925650364,-0.03132876224991743
955787,-0.1516473268682812,-0.0033141145106792003
957854,-0.6704929214320137,-0.6464960936877917
957953,-0.09614869177367846,-0.07997577818990909
958339,-11.606250295966165,-5.082655174274188
958897,-0.519910111593662,-0.35726241451845664
959658,-0.9898707724523614,-0.6416225991115925
959688,-7.592117387184933,-6.943656749213482
959993,-1.9561105690660452,-1.464626690883875
964437,-9.326920589305299,-8.985629607244203
966663,-6.147366761926969,-5.856182931062019
966834,-0.14403684423227392,-0.12446692057111086
968999,-0.02816542515117293,-0.027243709376008063
973566,-0.5419359242238115,-0.32538693762165516
973569,-0.24683113907646703,-0.14359769375532472
973577,-0.7110086334991583,-0.556742508295377
974364,-0.2254407218296044,-0.18804517221683725
974538,-0.1792726336314987,-0.14882272616101733
974983,-0.10789586108060911,-0.05222934010752733
976375,-0.730806106699299,-0.22535800410204576
976595,-0.17066950140067205,-0.11316600847856084
976696,-0.20753828747348613,-0.009245470821179103
976783,-0.49117392909245683,-0.4237531826706391
977484,-0.9779485893017887,-0.3529005766937299
978678,-2.4597048381636677,-0.4316175408230083
978866,0.04521164948614509,0.06572813369264452
978945,-0.9719056592040372,-0.886634720192716
979384,-0.14188247772105478,-0.09668461610432866
979388,-0.3446193618500868,-0.3446192455665955
979557,-31.227175441753722,-17.78109547655144
979637,-0.15385859663842694,-0.006913244373778493
979797,-1.944459370847723,-1.7139708743053843
979886,-0.2006193722468439,-0.11903929212502917
983333,-0.010512207059147238,-0.010181477274370021
983548,-0.0878071590460654,-0.0629140458426456
983589,-0.06566954445726525,-0.0627308135531579
983874,-0.37771383301892714,-0.12750955341989312
983993,-0.3089770932143754,-0.02061650698741624
985588,-1.9776363887492945,-1.6434456446221644
986556,-6.534944629674731,-1.4574498877687012
987545,-3.386921886862991,-3.0662680789789745
987693,-0.0714285714285714,0.0
987868,-0.13810584634160206,-0.08188352509488239
987894,0.04045751348375892,0.050251925999614366
988439,-8.689622825119637,-3.0949015326623552
988454,-0.13810620586294386,-0.13731128466800335
988473,-13.235464153859523,-9.948550922106415
988763,-0.15204634039445897,-0.03372659143320389
989388,-0.2114717893591369,-0.17730926257144208
989435,-2.7820614852437076,0.19212284044847283
989739,-14.906640818284925,-12.006765140807962
993588,-0.05165436841109661,0.0014545964772334496
994554,-0.23432897971559452,-0.12725017710875153
996938,-0.1636141505887021,-0.15778502501816716
997498,-0.4434939656890491,-0.16999637342061535
997555,-1.179398429539328,-1.1454002243387076
999454,-0.07032214460152919,-0.06733344908462513
999596,-0.10047562709575963,-0.00816304559026948
999687,-0.4484943025384178,0.00040038221798144313
999769,-0.08255327172669213,-0.08237033938214333
999953,-10.395706434568297,-6.282891076121754
AmplabJenkins,-63.072625984936494,-12.337121865308266
AppVeyorBot,-0.27613548486390993,-0.16949157951019234
ArduinoBot,-0.2706762280625852,-0.0706073150042803
CFPBot,-0.10595332908602018,-0.10317856971861783
CNCF-Bot,-9.976650095352158,0.23183306732928544
CocoaPodsBarista,-0.4404078633644559,-0.09164411463056088
Code-Inside-Bot,-0.012523696602612988,0.006684403507959291
CrowdinBot,-0.2680833711131969,-0.26357859639045045
DrahtBot,0.06030069074400091,0.06574811207009013
DustyTheBot,-0.5228154737941382,-0.46705777445619234
Favware-bot,0.16289506423465994,0.1676257768945313
FlexGet-Bot,-0.28890722626883547,-0.14553440850101107
GitCop,-284.4791949680832,-14.668268017967993
HT2Bot,-1.219292866120877,-1.218324567216997
Hibernate-CI,-0.3183650103622797,-0.2867450092385657
HitkoDev,-1.2547414944464235,-0.36948271961158596
ININ-TransifexAutomation,-0.4163230214669944,-0.021002207522100802
IssueHuntBot,-0.52006403977419,-0.41305591999794333
PJBot,-0.2836347586724577,-0.2348294013182517
PRB0t,-257.38961505838296,-40.62615144066357
ParadiseSS13-Bot,-20.885361360158985,-19.048181428811073
RiotTranslateBot,-0.14486376195254658,0.24702709811640622
SpacemacsBot,-0.616726643103398,-0.1774925271019141
Staffbot,-0.0015493919286577729,0.04228780744841021
SwiftLintBot,-0.21911762455930783,-0.19008158811925924
TPRobots,-0.4999999999679534,2.3224422385226262e-11
UberOpenSourceBot,-0.9667199655109737,-0.46346669684385544
VaporBot,-0.14715628929760172,-0.06186607845096592
addonsbot,-0.2385156692265944,-0.09592520841098362
adobe-bot,0.20136681636295461,0.7761921585902781
adoptopenjdk-github-bot,-0.6917258028343074,-0.6556639332165468
agones-bot,-0.8918692025700017,0.2564874569963276
alluxio-bot,-0.8177103138133841,0.2690762375059226
amp-owners-bot[bot],-0.04663204430788359,-0.04651997797857854
ampproject-artifacts-bot,-0.024883759432437813,-0.02226357525096012
analysis-bot,-0.052944463462528235,0.17283586982860644
angular-automatic-lock-bot[bot],0.2156281485193775,0.45465329745839256
ansibot,0.07929808329522325,0.12363354307988628
apmmachine,0.41818624048299435,0.6187674961844277
apollo-cla,0.017398821295636746,0.0302890585696185
aporeto-bot,-0.4962506853284012,-0.16547741793370552
archzfs-bot,-0.3266092389479984,-0.323397586912775
arcus-automation,-12.64602866160882,-1.9119390005212926
asf-ci,-418.6307180581577,-47.342610849952614
atlassian-cla-bot[bot],-0.03640109059509977,0.001182176855475725
authenticator-bot,-0.3068434180239952,-0.17309745162009316
aviary2-wf,0.09748124759043264,0.1011306327248418
aws-cdk-automation,-0.16297336308750876,0.2921921299802094
aws-sdk-go-automation,0.9034689198244383,0.9307820474263916
az-iot-builder-01,-0.09524161430429023,-0.017373267992674357
babel-bot,0.015358861293483739,0.06344028757354991
babot,-0.05882375267089568,-9.999947736538672e-08
backpackbot,-1.227213602974634,-0.8095880349566325
backportbot-nextcloud[bot],0.18310272412094342,0.34740357646529285
ballerina-bot,-0.28611517631172934,-0.09065812520351013
bedevere-bot,-0.06659452694220414,-0.06094697482345346
bens-danger-bot,-1.434066616959199,-1.0173602831666053
bits-bot,0.0162988158986197,0.09919298598013193
blathers-crl[bot],-0.36271902561387637,0.2915863004717222
blueprint-bot,-0.7586610901698518,-0.5207952055376781
bluespice-github-bot,-0.19541205001954043,0.06432639335144519
boring-cyborg[bot],0.19008116999328384,0.21820821638835797
bors-servo,-0.10792054075356816,0.026675065551651334
bot-gradle,-0.05660180655374614,0.1034318801180727
botcerts,-0.10344070913390047,-0.036718205476122145
bugsnagbot,0.07514827641474298,0.07563780610151838
build-travis-ci,-0.1850764470244748,-0.0675049014499165
callstack-bot,-0.004623034787894609,0.05400401458029991
carsonbot,-338.40280958786553,-132.80017600358414
cb-sdk-robot,-0.09470987813671727,-0.03521537685560294
cf-gitbot,-0.36875740591708905,0.18929561456384703
chainer-ci,-0.14639445921983185,0.008381517755805756
cheminfo-bot,-0.04522929574358958,0.0211321507823109
cla-bot-2021[bot],-0.19645855530498801,-0.15723277575878236
cla-bot[bot],-0.5520363609294117,0.059829268444562156
cla-checker-service[bot],-10832.566560150433,-1531.3746758614307
close-issue-app[bot],-0.0036165049193814802,0.38797863393902854
cloudwanbot,-0.943135851029417,-0.8361553408822353
cmsdmwmbot,-1.2665298208018596,-0.6376001961662543
codeclimate[bot],-0.04290464702611918,0.4913938901205177
codecov-test,-3.0273505132324434,0.18700424046892272
codesandbox[bot],-0.004302534533722646,0.01059023629439848
confs-tech-bot,-0.3258683145181427,0.01678346859894675
container-tools-bot,-3.477688468779321,-1.3360640107716861
contiamo-ci,-0.267485092497437,-0.25117503613316705
coorpacademybot,-0.0855098809848136,-0.07891363741874535
coreosbot,0.23872217419227426,0.264418547740646
cozy-bot,-0.20854999530892626,0.11848943269809475
craterbot,-0.5833952825560058,-0.5818777804785393
cypress-bot[bot],-0.08752249393741374,-0.06412649232280732
dangerpr-bot,-1.3288984122574763,-0.7188481939556646
delete-merged-branch[bot],0.48627837052007794,0.6249703086363048
devOpsHazelcast,-0.31846686146423053,-0.10040051443948483
devdocs-bot,-0.3209645960009082,-0.22204854359260762
dlang-bot,-0.2821017387277689,-0.26884008637262435
docker-library-bot,0.650807099405723,0.6523539557195439
docusaurus-bot,-0.6035634171752997,-0.20333907574155008
dontcallmedom-bot,0.022447964890095706,0.2480988956594844
doorkeeper-bot,,1.0
dotnet-bot,0.6431830473846163,0.6510832815731358
dotnet-issue-labeler[bot],-1.4830970267799728,-1.1959221057770857
dotnet-maestro-bot,0.28828272683321954,0.324263253895833
dpulls[bot],-0.06658290054877458,-0.06133033079005368
dsmjs-bot,0.037710114122006644,0.2052988067431647
dune-community-bot,-0.9066942221935097,-0.763844433989286
dxrobot,0.10553227169214463,0.12138131578821232
echarts-bot[bot],-0.31681859995459116,-0.26849093533898416
edx-requirements-bot,0.743545476890989,0.7640256858515795
edx-transifex-bot,0.49255280892810505,0.7315519806083706
electron-bot,-0.2903304333076149,-1.7320285476962738e-06
element-bot,-7.438721207194698,-1.9317738097922543
elife-bot,-0.7173753351967731,-0.37888890071242076
engine-flutter-autoroll,0.1345311119038214,0.24785902821113115
eslintbot,-0.4270943641332725,-0.4134156763645076
explosion-bot,-1.0240518716393452,-0.5213188446226074
ezrobot,-0.2705711285325716,-0.26355513894502813
facebook-circleci-bot,-3.4348022035210457,-1.0356396410591096
fastlane-bot,-11.475602157275887,-1.3241712040651272
fire-bot,-1.6154862417270306,0.0583055536464846
flinkbot,0.39140523897466284,0.5108084621517899
fluttergithubbot,0.5693865172989077,0.6839356214170145
forking-renovate[bot],-0.03779847231630584,-0.01781105728228427
fossabot,-1.0509504412133883,-0.5582230771604295
fozzie-bot,-0.5416654764560509,-0.018905004417845817
garybot2,-0.2893966582259857,-0.23593444735975622
gatsby-cloud-staging[bot],-0.820339075002616,-0.08527219746741
gatsby-cloud[bot],0.34439944346852347,0.6753874011130379
gatsbybot,-0.22572171784080752,-0.14572195927045106
gaugebot,0.03342063850147248,0.12212444097350927
gaugebot[bot],-0.12498995932127821,4.224783246908892e-06
genie-jnosql,-0.07820014110805262,-0.050877568370296
getsentry-bot,0.4279196319868831,0.47638414245774896
gitguardian[bot],-0.21892705404679091,0.04315101418206291
gitpod-io[bot],-0.33179011326101615,-0.19312984000356082
gitter-badger,-6.374150043984048,-2.2598599969568616
gocardless-robot-restricted,-96.24461933470246,-62.21573702871231
google-ml-butler[bot],0.0018145224533778759,0.05765071926941945
google-oss-bot,0.5966284344505743,0.6001094637281561
google-oss-robot,-0.10399610246824342,0.1592432977948124
graalvmbot,-0.15515505242768168,0.04554261541179094
grape-bot,-0.5326622329155899,-0.1894805842436338
graviteeio,-0.18262676641121134,-0.18127478164634203
grommetux,0.007613623992770657,0.07754832598629224
guardrails[bot],-16.166022028873712,-2.3991709021635454
hacs-bot[bot],-0.6327404549036562,-0.5270470673921874
hashicorp-cla,0.016861838473153812,0.017914652610349413
hasura-bot,0.6489953611056072,0.6500474310242578
hawkbit-bot,-0.07443507735785793,-0.0582183610774103
haxe-ci,-0.3277274817067437,-0.02101272476335625
hft-team-city,-0.3748587209397616,-0.18919559739308012
hsimbot,-5.597307751956873,-2.0672468033530893
ibmdotcom-bot,-1.1303012042215492,0.05686983956829983
idealbot,-0.4925432801963132,0.3526446323037239
infinitered-circleci,-0.9516921529886821,-0.8645713836442697
ionitron-bot[bot],0.03258201938698202,0.03879066814837573
istio-policy-bot,-0.8157460924598015,0.1610243808319215
jbosstm-bot,-0.2997847818508901,-0.27326756552720743
jekyllbot,-2.885014771634184,-1.2226987600695023
jellyfish-bot,-0.09720580720656691,-0.016701447302074568
jenkins-x-bot-test,-4.585703524465292,-1.3880535339785411
jetstack-bot,-1.3978089220043244,0.04743650162449353
jitsi-jenkins,-0.3085452142879819,-0.11452003438839498
johnpbloch-bot,-0.3526314415696272,-0.3155964279690753
jujubot,-0.213189550048676,-0.06213486289067616
jwplayer-robot,-0.9389960710813938,-0.7448795915636883
kaitai-bot,-0.2601887532827083,-0.050210746094763836
knative-prow-robot,-0.19228134876960645,0.01517058422098072
ks-ci-bot,-0.05612833942488571,-0.04212035708137374
kubermatic-triage-bot,-0.30057758417007396,-0.2347913319987276
kubevirt-commenter-bot,-0.6303714456176466,0.40200986068171807
ladybugbot,-0.2909744701539658,-0.011431535420099337
lgtm-com[bot],0.15626485131420276,0.34027930627438296
lightbend-cla-validator,-1.030123834851532,-0.9791870937485803
limesurvey-translations,-0.2114877186644024,-0.166197703429376
lingohub[bot],0.07066365421666398,0.32650207483457516
linux-foundation-easycla[bot],0.2523776641969707,0.5003363304998811
livingdocs-automation,-0.29962498760616874,0.1982938067002067
mainio-integration-bot,-0.2526451881651046,-0.0014103055153422694
mary-poppins,-103.63426452214485,-26.088468890791724
matts-bot[bot],-0.22553526038199756,-0.033250679446375386
meeseeksdev[bot],-0.19453420005326594,0.011083879454514722
mender-test-bot,-0.4717278977726329,-0.13548141746036868
mesosphere-ci,0.11425082838057843,0.11626694284535255
metal3-io-bot,0.28828329151029863,0.28928157488750217
metamaskbot,0.5338115171134764,0.5748956256283251
minikube-bot,0.10859973541581291,0.12034893209859576
minikube-pr-bot,0.2189262061112366,0.23536169819492336
minio-trusted,-0.7490010760039871,-0.18413065689163144
miss-islington,0.19846119548090968,0.20383999752268334
mister-roboto,-0.24864125571819273,0.04128777633184899
mixmax-bot,0.20587286121708237,0.33371562357341567
mm-cloud-bot,0.06441576976438568,0.300835384846283
moonwalker-bot,-16.450145633300753,-2.2935056458335175
moz-wptsync-bot,0.11089666466143411,0.1959904280498086
mumukibot,-0.6119801522288644,0.006450935597016594
mxnet-bot,-2.1102658619534482,-1.2580982400119796
mysql-oca-bot,-1.4356534458378252,-0.09367710648729766
nacho-bot,-0.9094585228828098,-0.1999607575386293
nativescript-vue-bot,-0.16666666663899665,1.3276491017677472e-11
nemobot,-0.10402588878255625,-0.07333837813136257
neos-bot,-0.4276017046660523,-0.42617914999469253
netdata-community-bot,-0.26251949374354466,-0.26247619099152986
netkan-bot,0.00509735494265573,0.04393390321070345
nextcloud-bot,-1.0891486324802941,-0.025119871146616957
nextcloud-stale[bot],-6.99710388900222,-3.0006984486501445
ng-zorro-bot,-0.19962635010822116,-0.025756417455071956
ninjadotorg-bot,-0.2160838716375839,0.08182297726470855
niveristand-diff-bot,-2.907529866871873,-0.704971323193496
nodebb-misty,-0.14468629230110586,-0.13166162288253225
nodejs-github-bot,-0.5947426855887852,0.015659423890662105
nur-bot,-1.788668111740503,-0.2080803893466494
octokit-fixture-user-a,0.0,0.0
octokitbot,-0.4968222879521673,-0.08633400202165098
oll-bot,-0.17474417358204875,-0.16714271446221263
omex-github-bot-internal,0.2583726943160235,0.3483872737361904
omnius-bot,-0.125,0.0
ompiteam-bot,-0.467686062880327,-0.1843710348311176
open-collective-bot[bot],-0.115061759851383,0.011715312764165597
openhab-bot,-0.8832649148772163,-0.027327301768248935
openmrs-bot,-0.20273867478915264,-0.19944020793019224
openshift-cherrypick-robot,0.7576366798326546,0.783186911746792
openssl-machine,-0.47151786118814565,-0.24850537741495904
osrfbuild,-4.664742790985453,-0.9781282628818104
ovh-cds,0.0835483904115134,0.1068259568875678
owo-bot,-0.13635548419699317,-0.13599578498323783
pantheon-ci-bot,-11.512041166226341,-2.31122303458079
pdfjsbot,-0.6079766223920036,-0.5748450267729486
pfn-ci-bot,-24.58433637504411,-5.6349611893220475
phpmyadmin-bot,-1.7522430548987256,-0.873703221754812
pirate-bot,0.1935381843315137,0.19584573116777726
pivotal-cla,-0.28537281742132237,-0.12875439824064738
poggit-bot,-0.1434186103855899,0.03230238114225403
pr-benchmarks[bot],-0.10531798567587214,0.11867833593768251
pralor-bot,-0.02150607825473072,-0.0015642117678245082
prombot,0.013990855010987957,0.020900860523052733
pull-bot,-14.022585013286951,-7.32087374579716
pxw-bot,0.0,0.0
pydio-bot,-0.5589001018638746,-0.15528561073473135
pytorchbot,-5.529050269710754,-1.3964338792512967
pyup-vuln-bot,0.00672634556213958,0.02617170873230379
qmk-bot,-0.07874948473194965,-0.054283690246603955
r-ryantm,-1.2142183111743257,-0.11128053518089787
rails-bot[bot],-0.10456084738465443,-0.08779276984288664
raizlabs-oss-bot,-1.1368504724075486,-0.09727570438400934
raspberrypilearningbot,-0.012684321161568812,0.030804610730156945
raspberrypitranslationsbot,-46.25417700963764,-3.149313427952543
react-native-community-bot,-0.15333684659750446,-0.022055521403679057
reactorbot,-4.297946036313133,-1.942573223231229
release-drafter[bot],-0.41712286956831934,-0.009836482966801174
renovate-approve-2[bot],-0.43141948427966215,-0.09942458907522256
repo-ranger[bot],-0.3737808743009816,-0.21443826473825744
request-info[bot],0.05421443433153972,0.05712078190683101
restyled-io[bot],-0.22191192848220287,0.037197946634415224
review-notebook-app[bot],0.6964843044630284,0.7254260672255941
rfcbot,-0.398498651847232,-0.02067238402373084
robot-clickhouse,-0.8200733742340407,-0.484975511888071
ross-bott,-0.5394136285318343,-0.5328916518864883
rultor,-0.15100102877492483,-0.11011886895543932
runfoapp[bot],-7.53248686496762,-2.0129546632013664
rust-timer,-0.4082435253452381,-0.39688780662492884
rustbot,-0.25080077765485,-0.20758055468763326
sagemaker-bot,-2.671534530041929,-0.6375068108032134
sailsbot,-0.24868752543810047,-0.06899443951529638
salesforce-cla[bot],-0.05223506765011199,-0.026312044179462202
scrutinizer-notifier,0.24795907156631336,0.2490473793997856
sentry-io[bot],-0.745344224352896,-0.3335615305740174
shaka-bot,0.2115390297602291,0.21451597236324937
shields-ci,-6.274045229593318,-4.07158056165349
similar-code-searcher[bot],-0.02468893179706133,0.04839267620856291
skia-flutter-autoroll,0.32006946452993734,0.3234807071853789
slicerbot,-0.06608821482243932,-0.010573737313918974
sofastack-bot[bot],-1.752762102842532,-1.1144624965436853
softwarefactory-project-zuul[bot],-0.13409836011690324,0.3356335258119719
solo-changelog-bot[bot],0.048012201098059926,0.049837122457924155
soloio-bot,-0.16876778034767304,-0.06145729468153771
sourcegraph-bot,0.9376018161643368,0.9385252341650845
spinnakerbot,-0.1422676921496575,-0.10533330950653941
spring-builds,-0.2201959551429793,0.04754535579464214
sprucelabs-ci,-1.2684072264356825,-0.18117332152317212
sre-bot,-0.21453632614666418,-0.21425610908211024
st-review,-0.18714121435859266,0.006966962963195433
stakater-user,-1.078659727442941,-0.3406394974486031
staticman-net[bot],,1.0
status-github-bot[bot],-0.4426108193728906,0.08846886515371177
status-im-auto,0.13981782534041776,0.7023851635715275
stencila-ci,-0.2242013062390591,-0.050313175061931004
stickler-ci[bot],-0.31881112540565626,-0.04236919323721677
stoplight-bot,-0.44720847145187737,-0.3476506789957703
strapi-cla,-0.39652708855465635,-0.38747616687249486
submariner-bot,0.035441867589221854,0.14087575747809844
substrate-tip-bot[bot],-0.8016251284060998,-0.8010703541505098
swift-ci,0.27937509309879416,0.3849629906444607
swift-server-bot,-37.67967899705114,-37.59095924000111
symfony-bot[bot],-1.5323773406401897,-0.5206240797769361
taichi-gardener,0.0008525207521011824,0.0736862615300462
taro-ui-bot[bot],-0.17503597065597698,-0.0347496085621406
tensorflow-jenkins,-2.2629966821706238,-1.8114798382605843
testcafe-build-bot,-0.05555633084361067,-3.653976783368762e-07
theforeman-bot,0.11780962934251638,0.11781107120155099
thewca-bot,-0.5287503970297054,-0.4650444612283575
thundernest-bot,-2.4506325241244054,-2.3705706228224304
ti-srebot,-13.751183312568877,-2.767695151780563
tld-update-bot,-9.001488745506508,-0.0002493849665443637
translatewiki,0.7925929574688033,0.8410607945858536
tykbot[bot],0.10869603397914362,0.11435873060468926
ualbertalib-bot,-0.5006141380466917,-0.0017906488778018925
ubo-bot,-0.129419272802469,-0.11389131087161264
ucloud-bot,0.0005509966959411638,0.0016783798107405934
ukp-svc-jenkins,-0.9623248494434116,-0.37286331587417987
upbound-bot,-180.47683705450083,-44.49101511311547
usercont-release-bot,0.40322622096720606,0.456535045693112
va-bot,0.815221169036846,0.8613239786355062
vc-ci,-0.5936032909200475,-0.5405071269788475
video-archivist-bot,-2.922411585253978,-0.9322403933421599
violinist-bot,-0.4999364822262462,-0.16063692109349148
vmwclabot,0.39882852894148135,0.42212396912243666
vscode-issue-tracker-bot,-0.2563605635657442,-0.08396235778814276
vtex-io-ci-cd[bot],0.0036643542594874123,0.07326935639794274
vtex-io-docs-bot[bot],-1.283558450412332,-0.8092807515391978
vue-bot,-0.2568113818997988,-0.20586387267795314
wallabag-bot,-0.29372321485114994,-0.15647560353578238
watson-github-bot,-0.04958751616189194,0.014787878198438409
webpack-bot,-0.04719900483717532,0.0334663699129516
webtorrent-bot,-0.6387025230445282,-0.14120940741029986
welcome[bot],0.24542160129421764,0.24745194256819758
wet-boew-bot,0.059807137595216164,0.08586066374762635
wildfly-ci,-0.29150857968884925,-0.044177828006578546
windupgithubbot1,-0.5310527148812971,-0.3731315009944596
wso2-jenkins-bot,-0.006518480928022541,0.14994851574914647
yarnbot,-0.6722081259889199,-0.3665771887908984
yii-bot,-2.194831933456132,-0.8144691628394707
zeebe-bors[bot],-1.7811359900772215,-0.9508344256841905
zorro-bot[bot],-0.5007295009348396,-0.39132221274379986
